title,brand,model,year
Manual for Yamaha YFZ450R 2020-2023,Yamaha,YFZ450R,2020-2023
Honda CBR600RR Service Guide 2013-2019,Honda,CBR600RR,2013-2019
Kawasaki Versys 650 Workshop Manual,Kawasaki,Versys 650,2015-2021
Suzuki GSX-R1000 Repair Manual,Suzuki,GSX-R1000,2017-2022
Toyota Camry Owner Manual 2018-2022,Toyota,Camry,2018-2022
Ford F-150 Service Manual,Ford,F-150,2015-2020
BMW X5 Workshop Guide,BMW,X5,2019-2023
Mercedes C-Class Manual,Mercedes,C-Class,2020-2024
Samsung Galaxy S21 User Manual,Samsung,Galaxy S21,2021
Apple iPhone 13 Guide,Apple,iPhone 13,2021
Sony A7R IV Camera Manual,Sony,A7R IV,2019
Canon EOS R5 Instructions,Canon,EOS R5,2020
DeWalt DCS371B Manual,DeWalt,DCS371B,2020
Makita XPH07Z Guide,Makita,XPH07Z,2019
Bosch GSR18V Instructions,Bosch,GSR18V,2021
